{
  "mlp": {
    "precision_at_k": 0.047854920367049886,
    "recall_at_k": 0.4785492036704989,
    "ndcg_at_k": 0.2739921572460792,
    "hit_rate_at_k": 0.4785492036704989
  },
  "baseline_popularity": {
    "precision_at_k": 0.04467487606792533,
    "recall_at_k": 0.44674876067925323,
    "ndcg_at_k": 0.25936519912448125,
    "hit_rate_at_k": 0.44674876067925323
  }
}