{
  "mlp": {
    "precision_at_k": 0.04862356291530429,
    "recall_at_k": 0.4862356291530429,
    "ndcg_at_k": 0.2779912094729751,
    "hit_rate_at_k": 0.4862356291530429
  },
  "baseline_popularity": {
    "precision_at_k": 0.04467487606792533,
    "recall_at_k": 0.44674876067925323,
    "ndcg_at_k": 0.25936519912448125,
    "hit_rate_at_k": 0.44674876067925323
  }
}